Complete list of chatbot samples,
,
Included,Excluded
https://www.consumerfinance.gov/data-research/consumer-complaints/search/detail/6489538,https://www.consumerfinance.gov/data-research/consumer-complaints/search/detail/6091674
https://www.consumerfinance.gov/data-research/consumer-complaints/search/detail/5162420,https://www.consumerfinance.gov/data-research/consumer-complaints/search/detail/2877807
https://www.consumerfinance.gov/data-research/consumer-complaints/search/detail/5504508,https://www.consumerfinance.gov/data-research/consumer-complaints/search/detail/3354422
https://www.consumerfinance.gov/data-research/consumer-complaints/search/detail/5234219,https://www.consumerfinance.gov/data-research/consumer-complaints/search/detail/4173618
https://www.consumerfinance.gov/data-research/consumer-complaints/search/detail/3714611,https://www.consumerfinance.gov/data-research/consumer-complaints/search/detail/4565672
https://www.consumerfinance.gov/data-research/consumer-complaints/search/detail/5728885,https://www.consumerfinance.gov/data-research/consumer-complaints/search/detail/4934437
https://www.consumerfinance.gov/data-research/consumer-complaints/search/detail/4132424,https://www.consumerfinance.gov/data-research/consumer-complaints/search/detail/5813104
https://www.consumerfinance.gov/data-research/consumer-complaints/search/detail/4363228,https://www.consumerfinance.gov/data-research/consumer-complaints/search/detail/6676027
https://www.consumerfinance.gov/data-research/consumer-complaints/search/detail/6016400,https://www.consumerfinance.gov/data-research/consumer-complaints/search/detail/6676390
https://www.consumerfinance.gov/data-research/consumer-complaints/search/detail/6293213,https://www.consumerfinance.gov/data-research/consumer-complaints/search/detail/7077989
https://www.consumerfinance.gov/data-research/consumer-complaints/search/detail/6306122,https://www.consumerfinance.gov/data-research/consumer-complaints/search/detail/5846601
https://www.consumerfinance.gov/data-research/consumer-complaints/search/detail/6537880,https://www.consumerfinance.gov/data-research/consumer-complaints/search/detail/5868173
https://www.consumerfinance.gov/data-research/consumer-complaints/search/detail/6827621,https://www.consumerfinance.gov/data-research/consumer-complaints/search/detail/6025033
https://www.consumerfinance.gov/data-research/consumer-complaints/search/detail/7058140,https://www.consumerfinance.gov/data-research/consumer-complaints/search/detail/6390810
https://www.consumerfinance.gov/data-research/consumer-complaints/search/detail/7074824,https://www.consumerfinance.gov/data-research/consumer-complaints/search/detail/6477618
https://www.consumerfinance.gov/data-research/consumer-complaints/search/detail/5933544,https://www.consumerfinance.gov/data-research/consumer-complaints/search/detail/6725784
https://www.consumerfinance.gov/data-research/consumer-complaints/search/detail/6121994,https://www.consumerfinance.gov/data-research/consumer-complaints/search/detail/6788180
https://www.consumerfinance.gov/data-research/consumer-complaints/search/detail/6130810,https://www.consumerfinance.gov/data-research/consumer-complaints/search/detail/6862527
https://www.consumerfinance.gov/data-research/consumer-complaints/search/detail/6221659,https://www.consumerfinance.gov/data-research/consumer-complaints/search/detail/6968282
https://www.consumerfinance.gov/data-research/consumer-complaints/search/detail/6390803,https://www.consumerfinance.gov/data-research/consumer-complaints/search/detail/7001175
https://www.consumerfinance.gov/data-research/consumer-complaints/search/detail/6585081,https://www.consumerfinance.gov/data-research/consumer-complaints/search/detail/2776486
https://www.consumerfinance.gov/data-research/consumer-complaints/search/detail/7047074,https://www.consumerfinance.gov/data-research/consumer-complaints/search/detail/2776572
https://www.consumerfinance.gov/data-research/consumer-complaints/search/detail/7059969,https://www.consumerfinance.gov/data-research/consumer-complaints/search/detail/2780239
https://www.consumerfinance.gov/data-research/consumer-complaints/search/detail/7083578,https://www.consumerfinance.gov/data-research/consumer-complaints/search/detail/2783747
https://www.consumerfinance.gov/data-research/consumer-complaints/search/detail/7119553,https://www.consumerfinance.gov/data-research/consumer-complaints/search/detail/2785104
https://www.consumerfinance.gov/data-research/consumer-complaints/search/detail/3670084,https://www.consumerfinance.gov/data-research/consumer-complaints/search/detail/3369092
https://www.consumerfinance.gov/data-research/consumer-complaints/search/detail/3848549,https://www.consumerfinance.gov/data-research/consumer-complaints/search/detail/3743128
https://www.consumerfinance.gov/data-research/consumer-complaints/search/detail/4113788,https://www.consumerfinance.gov/data-research/consumer-complaints/search/detail/3755951
https://www.consumerfinance.gov/data-research/consumer-complaints/search/detail/4189278,https://www.consumerfinance.gov/data-research/consumer-complaints/search/detail/4388304
https://www.consumerfinance.gov/data-research/consumer-complaints/search/detail/4389977,https://www.consumerfinance.gov/data-research/consumer-complaints/search/detail/5296227
https://www.consumerfinance.gov/data-research/consumer-complaints/search/detail/4522712,https://www.reddit.com/r/assholedesign/comments/7t92zn/this_facebook_chatbot/
https://www.consumerfinance.gov/data-research/consumer-complaints/search/detail/4701485,https://www.reddit.com/r/assholedesign/comments/9mfujx/this_reddit_ad_showing_a_messenger_bubble_so_you/
https://www.consumerfinance.gov/data-research/consumer-complaints/search/detail/4847155,https://www.reddit.com/r/assholedesign/comments/pgdsjo/deadend_chatbot_that_assists_you_to_transfer_your/
https://www.consumerfinance.gov/data-research/consumer-complaints/search/detail/4961557,https://www.reddit.com/r/assholedesign/comments/12o1tna/subscribe_to_snapchat_to_get_this_ai_chatbot_out/
https://www.consumerfinance.gov/data-research/consumer-complaints/search/detail/4985618,https://www.reddit.com/r/assholedesign/comments/12pfevc/cant_remove_snapchats_annoying_pinned_ai_chatbot/
https://www.consumerfinance.gov/data-research/consumer-complaints/search/detail/5252380,https://www.reddit.com/r/assholedesign/comments/12pyrrl/discord_wont_stop_reminding_me_to_use_this_every/
https://www.reddit.com/r/assholedesign/comments/11l1paa/rogers_telecom_pushes_you_to_use_the_online/,https://www.reddit.com/r/assholedesign/comments/12thz1o/this_new_snapchat_feature_of_an_ai_chatbot_that/
https://www.reddit.com/r/assholedesign/comments/15bbkwy/atts_chatbot_pretends_to_not_be_able_to_hear_you/,https://www.reddit.com/r/assholedesign/comments/64ydy5/dashub_dont_even_try_it/
https://www.reddit.com/r/assholedesign/comments/c6iksy/dpd_delivery_company_chat_bot_pretends_to_be_a/,https://www.reddit.com/r/assholedesign/comments/88rkwu/if_you_want_to_turn_the_facebook_messenger_chat/
https://www.reddit.com/r/assholedesign/comments/gt2yvj/when_i_ask_the_chat_bot_at_grande_to_upgrade_my/,https://www.reddit.com/r/assholedesign/comments/hl6m2u/amazon_talk_to_a_person_impossible_to_find_in_ui/
https://www.reddit.com/r/assholedesign/comments/hbqxa5/the_chat_room_is_just_bots_that_persistently/,https://www.reddit.com/r/assholedesign/comments/hm6x1b/fake_shroud_stream_using_chat_bots_to_scam_people/
https://www.reddit.com/r/assholedesign/comments/i7barw/ny_times_asshole_cancellation_process_design_you/,https://www.reddit.com/r/assholedesign/comments/q76va3/i_came_across_an_obvious_scam_free_robux/
https://www.reddit.com/r/assholedesign/comments/y789xg/trying_to_ask_lenovo_support_if_theyre_launching/,https://www.reddit.com/r/assholedesign/comments/zribpe/allmusic_adverts_swamp_their_pages_it_is_now/
https://www.reddit.com/r/softwaregore/comments/143xkrw/at_no_point_did_i_provide_my_email_or_login/,https://www.reddit.com/r/assholedesign/comments/11yiq56/apparently_pointing_out_flaws_in_this_app_is_a/
https://www.reddit.com/r/softwaregore/comments/9ivsx6/hey_amazon_chatbot_when_will_my_late_order/,https://www.reddit.com/r/assholedesign/comments/12xebou/being_given_an_ai_chat_bot_that_can_only_be/
https://www.reddit.com/r/softwaregore/comments/gr3rxt/these_chatbots/,https://www.reddit.com/r/assholedesign/comments/136du9o/i_got_an_insta_ad_for_this_app_to_chat_with/
https://www.reddit.com/r/CrappyDesign/comments/fddfhp/zendesk_chatbot_contradicting_the_clients_website/,https://www.reddit.com/r/assholedesign/comments/13kcm5z/barely_legible_and_boarder_line_malicious_the_x/
https://www.reddit.com/r/darkpatterns/comments/ubptf2/modern_milkman_to_cancel_you_must_to_chat_to_a/,https://www.reddit.com/r/softwaregore/comments/693urz/microsoft_chatbot_zo_cant_count_above_420/
https://www.reddit.com/r/softwaregore/comments/k26x0p/thanks_ikea_live_chat_bot/,https://www.reddit.com/r/softwaregore/comments/6er89r/my_friends_new_chatbot_that_hes_testing_has_issues/
https://www.reddit.com/r/softwaregore/comments/f3pqmw/this_government_chat_bot/,https://www.reddit.com/r/softwaregore/comments/6i0ehf/chatbots_eh/
https://www.reddit.com/r/softwaregore/comments/cazlik/this_suggestion_from_a_help_chat_bot/,https://www.reddit.com/r/softwaregore/comments/6n75dd/weird_new_ms_chatbot_or_honest_scammer/
https://www.reddit.com/r/softwaregore/comments/akik8x/i_was_chatting_with_verizon_support_and_i_guess/,https://www.reddit.com/r/softwaregore/comments/6nwc5s/i_think_groupme_released_their_chatbot_zo_a_bit/
https://www.reddit.com/r/softwaregore/comments/abjtwy/definitely_the_most_helpful_chat_bot/,https://www.reddit.com/r/softwaregore/comments/9xngze/chatbots_be_like/
https://www.reddit.com/r/softwaregore/comments/88cx3u/vodafone_chatbot_doesnt_understand_how_waiting/,https://www.reddit.com/r/softwaregore/comments/axurcr/this_chatbot/
https://twitter.com/ycamjak/status/1158454835202547712,https://www.reddit.com/r/softwaregore/comments/bovdfw/even_chatbots_gotta_stay_healthy/
https://twitter.com/mihaimaruseac/status/1686957004248731648,https://www.reddit.com/r/softwaregore/comments/ek1bpa/very_forgetful_trex_chatbot/
https://twitter.com/martylafl/status/1366361890201489408,https://www.reddit.com/r/softwaregore/comments/hduvhx/this_chatbot_is_starting_to_scare_me/
https://www.reddit.com/r/darkpatterns/comments/j1obiq/spectrum_chat_dark_pattern/,https://www.reddit.com/r/softwaregore/comments/hnr7g4/my_chatbot_software_for_caffeine/
https://www.reddit.com/r/assholedesign/comments/wr0v7n/no_wait_time_on_chat_no_log_of_time_chatting/,https://www.reddit.com/r/softwaregore/comments/iakirz/never_type_tawog_the_night_script_into_a_chatbot/
https://www.reddit.com/r/assholedesign/comments/x0dlpr/playstation_wont_let_you_contact_support_more/,https://www.reddit.com/r/softwaregore/comments/j5mgmr/ars_chatbot_having_strong_feelings/
https://www.reddit.com/r/assholedesign/comments/x9ejbf/you_can_only_try_to_talk_to_support_once_per_day/,https://www.reddit.com/r/softwaregore/comments/j5msjf/chatbot_threatens_me_and_malfunctions/
https://www.reddit.com/r/assholedesign/comments/znk881/this_stupid_customer_care_bot_in_amazoncom_it/,https://www.reddit.com/r/softwaregore/comments/jhpsew/chatbot_is_confused_about_its_name/
https://www.reddit.com/r/CrappyDesign/comments/ag6fxx/dpd_bot_assistant_answers_like_a_politician/,https://www.reddit.com/r/softwaregore/comments/10bfopv/well_somethings_wrong_i_can_feel_it_its_laggy_af/
https://www.reddit.com/r/assholedesign/comments/e7uhfo/after_dpd_didnt_give_me_my_1hour_delivery_window/,https://www.reddit.com/r/softwaregore/comments/14sw43j/corrupted_character_ai_chatbot_message/
https://www.reddit.com/r/assholedesign/comments/11jv71o/you_must_opt_in_for_their_promotion_messages_in/,https://www.reddit.com/r/CrappyDesign/comments/7x14kf/unclosable_chatbot_occupies_most_of_the_screen/
https://www.reddit.com/r/assholedesign/comments/123p08e/viewing_bing_chats_terms_and_conditions_of_use_is/,https://www.reddit.com/r/CrappyDesign/comments/4wv05r/automated_chat_bots/
https://www.reddit.com/r/assholedesign/comments/15g3hkk/lyca_live_chat_claims_internet_connectivity/,https://www.reddit.com/r/CrappyDesign/comments/bwy0r5/no_i_dont_need_two_chat_bot_links_to_fill_in_my/
https://www.reddit.com/r/assholedesign/comments/bmkrgn/verizon_wont_let_you_chat_with_someone_about_your/,https://www.reddit.com/r/darkpatterns/comments/gyx0lo/google_are_now_loading_ads_a_few_seconds_after/
https://www.reddit.com/r/assholedesign/comments/15glycq/so_bing_closes_the_chat_when_you_ask_why_there_is/,https://www.reddit.com/r/darkpatterns/comments/zodbsq/lg_gram_forces_users_to_accept_mcafee_bloatware/
,https://www.reddit.com/r/darkpatterns/comments/jv92y3/google_calendar_now_autoadding_google_meet_when/
,https://www.reddit.com/r/darkpatterns/comments/siacfr/manscaped_got_me_for_a_subscription_of_ball/
,https://www.reddit.com/r/darkpatterns/comments/12qf8d6/how_dominos_uses_dark_patterns_to_overcharge/
,https://www.reddit.com/r/softwaregore/comments/102w1dz/i_commented_on_a_post_about_a_chat_bot_made_be_a/
,https://www.reddit.com/r/softwaregore/comments/1348bwk/the_ai_bot_ive_been_chatting_with_started_out/
,https://www.reddit.com/r/softwaregore/comments/123aqt8/thats_a_very_good_summary/
,https://www.reddit.com/r/softwaregore/comments/10gyssx/had_no_idea_asking_the_chat_bot_to_beatbox_would/
,https://www.reddit.com/r/softwaregore/comments/xywlj5/ah_yes_the_secret_6th_member_did_their_best_not/
,https://www.reddit.com/r/softwaregore/comments/x9iqh2/hmm_interesting/
,https://www.reddit.com/r/softwaregore/comments/ix14ws/this_ai_chat_bot_got_pranked/
,https://www.reddit.com/r/softwaregore/comments/fayi39/delete_this_if_im_wrong_but_i_think_the_bot_left/
,https://www.reddit.com/r/softwaregore/comments/dqrbij/when_a_furry_ai_discord_bot_tries_to_chat/
,https://www.reddit.com/r/softwaregore/comments/czjo8y/great_chat_bot/
,https://www.reddit.com/r/softwaregore/comments/cmyv86/chat_bot_broke_guys/
,https://www.reddit.com/r/softwaregore/comments/cdkokr/this_chat_bot_just_went_way_off_the_rails_with/
,https://www.reddit.com/r/softwaregore/comments/cdkkqq/i_told_this_chat_bot_what_pet_i_had_and_told_it/
,https://www.reddit.com/r/softwaregore/comments/cdbkkx/ai_chat_bots/
,https://www.reddit.com/r/softwaregore/comments/blhqaj/a_depressionanxiety_bot_chat_that_glitches_out/
,https://www.reddit.com/r/softwaregore/comments/bdus6b/when_someone_adds_a_bot_to_the_chat/
,https://www.reddit.com/r/softwaregore/comments/actefy/i_think_i_broke_the_bus_uncle_chat_bot/
,https://www.reddit.com/r/softwaregore/comments/9thvez/bots_invade_group_chat_on_discord/
,https://www.reddit.com/r/softwaregore/comments/8162bl/bing_chat_bot_is_rapidly_gaining_selfawareness/
,https://www.reddit.com/r/softwaregore/comments/6ii1x3/microsofts_own_chat_bot_turns_against_bing/
,https://darkpatterns.uxp2.com/pattern/experts-exchange/
,https://darkpatterns.uxp2.com/pattern/dungeon-keeper-rating-system/
,https://darkpatterns.uxp2.com/pattern/java-hidden-ad-suppression/
,https://darkpatterns.uxp2.com/pattern/turbo-tax-pretending-to-delete-information/
,https://darkpatterns.uxp2.com/pattern/relay-for-reddit-ads/
,https://darkpatterns.uxp2.com/pattern/govia-thameslink-railway-hard-to-find-unsubscribe/
,https://darkpatterns.uxp2.com/pattern/instagram-no-option-for-no/
,https://www.reddit.com/r/darkpatterns/comments/734zc6/deceptive_options_during_spirit_airlines_booking/
,https://darkpatterns.uxp2.com/pattern/sleep-cycle-misleading-free-trial/
,https://www.marketwatch.com/story/richard-thaler-nobel-prize-winning-economist-says-wells-fargo-is-slimy-2018-02-16
,https://www.reddit.com/r/darkpatterns/comments/apzcsw/proflowers_puts_your_savings_on_bottom_to_make_it/
,https://twitter.com/JardenaGJ/status/1134990347241754630
,https://twitter.com/liamdaws/status/1142912281048576000
,https://www.propublica.org/series/the-turbotax-trap
,https://twitter.com/etticat/status/1185471230582898688
,https://twitter.com/KimZetter/status/1365341496736505858
,https://twitter.com/arvidkahl/status/1568695934258921472
,https://news.ycombinator.com/item?id=26174269
,https://twitter.com/StealthRadek/status/1224758147711107072
,https://twitter.com/aro_007/status/1091052540223995905
,https://www.reddit.com/r/assholedesign/comments/13wjpsw/danish_postal_service_postnord_really_dont_want/
,https://www.reddit.com/r/assholedesign/comments/15h9rij/why_even_ask/
,https://www.reddit.com/r/assholedesign/comments/okaqqe/ubisoft_restricts_support_to_live_chat_only_but/
,https://www.reddit.com/r/assholedesign/comments/10cjtb5/trying_to_cancel_siriusxmcant_do_it_through/
,https://www.reddit.com/r/Chatbots/comments/ll7zbv/i_feel_useless_making_our_search_chat_bots/
,https://www.consumerfinance.gov/data-research/consumer-complaints/search/detail/5662117
,https://www.consumerfinance.gov/data-research/consumer-complaints/search/detail/3193484
,https://www.consumerfinance.gov/data-research/consumer-complaints/search/detail/4278053
,https://www.consumerfinance.gov/data-research/consumer-complaints/search/detail/6616585
,https://www.consumerfinance.gov/data-research/consumer-complaints/search/detail/6940314
,https://www.consumerfinance.gov/data-research/consumer-complaints/search/detail/7028105
,https://www.consumerfinance.gov/data-research/consumer-complaints/search/detail/7243895
,https://www.consumerfinance.gov/data-research/consumer-complaints/search/detail/6559353
,https://www.consumerfinance.gov/data-research/consumer-complaints/search/detail/7039486
,https://www.consumerfinance.gov/data-research/consumer-complaints/search/detail/7044192
,https://www.consumerfinance.gov/data-research/consumer-complaints/search/detail/3323223
,https://www.consumerfinance.gov/data-research/consumer-complaints/search/detail/4214984
,https://www.consumerfinance.gov/data-research/consumer-complaints/search/detail/4935687
,https://www.consumerfinance.gov/data-research/consumer-complaints/search/detail/5076376
,https://www.consumerfinance.gov/data-research/consumer-complaints/search/detail/5409323
,https://www.reddit.com/r/assholedesign/comments/9kzpqm/ticketbooking_chatbot_sends_messages_for_no_reason/
,https://www.reddit.com/r/assholedesign/comments/mihbp5/chatbot_on_therapy_app_expects_a_yes/
,https://www.reddit.com/r/assholedesign/comments/7v2gu6/i_cant_apply_the_filters_to_my_search_without/
,https://www.reddit.com/r/assholedesign/comments/8kb86y/chat_bot_failure/
,https://www.reddit.com/r/assholedesign/comments/p4xjim/this_bearbot_chat_room_doesnt_have_the_x_button/
,https://www.reddit.com/r/assholedesign/comments/12uapns/siriusxm_makes_you_chat_with_a_bot_to_cancel/
,https://www.reddit.com/r/softwaregore/comments/5zuyj0/sms_chatbot_we_will_accept_negative_criticism/
,https://www.reddit.com/r/softwaregore/comments/15hg1ix/alaska_airs_chatbot_went_a_little_nuts/
,https://www.reddit.com/r/CrappyDesign/comments/84msei/only_way_to_learn_these_username_requirements_is/
,https://www.reddit.com/r/softwaregore/comments/guwnxk/how_are_their_chat_bots_more_broken_than_their/
,https://www.reddit.com/r/softwaregore/comments/80b9hq/i_just_wanted_to_have_a_chat_please_dont_freak/
,https://twitter.com/darkpatterns/status/1479528080737808392